{
  "claude": {
    "model": "claude",
    "overall": {
      "bleu": 6.57494730895539,
      "bertscore": {
        "precision": 0.7119061350822449,
        "recall": 0.8335609436035156,
        "f1": 0.767090916633606
      },
      "total_responses": 400
    },
    "by_language": {
      "es": {
        "bleu": 6.181441796734425,
        "bertscore": {
          "precision": 0.5883255004882812,
          "recall": 0.6767892241477966,
          "f1": 0.6291170716285706
        },
        "count": 100
      },
      "he": {
        "bleu": 2.2765624799097988,
        "bertscore": {
          "precision": 0.6969208717346191,
          "recall": 0.8303402066230774,
          "f1": 0.7570827603340149
        },
        "count": 100
      },
      "ja": {
        "bleu": 3.8537015362371134,
        "bertscore": {
          "precision": 0.5564311146736145,
          "recall": 0.6346940398216248,
          "f1": 0.592644453048706
        },
        "count": 100
      },
      "ko": {
        "bleu": 2.3537559464014497,
        "bertscore": {
          "precision": 0.5569202899932861,
          "recall": 0.6413232684135437,
          "f1": 0.5957411527633667
        },
        "count": 100
      }
    }
  },
  "gemini": {
    "model": "gemini",
    "overall": {
      "bleu": 1.5545503117706427,
      "bertscore": {
        "precision": 0.6960846185684204,
        "recall": 0.8264870047569275,
        "f1": 0.7550145983695984
      },
      "total_responses": 399
    },
    "by_language": {
      "es": {
        "bleu": 1.5545503117706427,
        "bertscore": {
          "precision": 0.5898802876472473,
          "recall": 0.6829766035079956,
          "f1": 0.6324875354766846
        },
        "count": 99
      },
      "he": {
        "bleu": 1.8884748972625875,
        "bertscore": {
          "precision": 0.6864749193191528,
          "recall": 0.8242231607437134,
          "f1": 0.748460590839386
        },
        "count": 100
      },
      "ja": {
        "bleu": 0.0,
        "bertscore": {
          "precision": 0.5270755887031555,
          "recall": 0.6203868389129639,
          "f1": 0.5693724751472473
        },
        "count": 100
      },
      "ko": {
        "bleu": 2.55404966647159,
        "bertscore": {
          "precision": 0.5392043590545654,
          "recall": 0.6375419497489929,
          "f1": 0.5835879445075989
        },
        "count": 100
      }
    }
  },
  "ollama": {
    "model": "ollama",
    "overall": {
      "bleu": 1.3096445367058713,
      "bertscore": {
        "precision": 0.7865738272666931,
        "recall": 0.8548530340194702,
        "f1": 0.818436861038208
      },
      "total_responses": 386
    },
    "by_language": {
      "es": {
        "bleu": 1.2846874948251779,
        "bertscore": {
          "precision": 0.6236893534660339,
          "recall": 0.6849463582038879,
          "f1": 0.6524317264556885
        },
        "count": 98
      },
      "he": {
        "bleu": 3.1525825266913237,
        "bertscore": {
          "precision": 0.8099278211593628,
          "recall": 0.8590669631958008,
          "f1": 0.8331714868545532
        },
        "count": 93
      },
      "ja": {
        "bleu": 2.585312419633304,
        "bertscore": {
          "precision": 0.6178203821182251,
          "recall": 0.6839086413383484,
          "f1": 0.6483108401298523
        },
        "count": 100
      },
      "ko": {
        "bleu": 1.7146811957958505,
        "bertscore": {
          "precision": 0.6134578585624695,
          "recall": 0.6959469318389893,
          "f1": 0.6512413620948792
        },
        "count": 95
      }
    }
  },
  "openai": {
    "model": "openai",
    "overall": {
      "bleu": 4.932351569489709,
      "bertscore": {
        "precision": 0.7131088376045227,
        "recall": 0.8269554972648621,
        "f1": 0.764983057975769
      },
      "total_responses": 400
    },
    "by_language": {
      "es": {
        "bleu": 4.932351569489709,
        "bertscore": {
          "precision": 0.674803614616394,
          "recall": 0.6992068290710449,
          "f1": 0.6862664222717285
        },
        "count": 100
      },
      "he": {
        "bleu": 2.0540268312306345,
        "bertscore": {
          "precision": 0.7010059356689453,
          "recall": 0.8198185563087463,
          "f1": 0.754994809627533
        },
        "count": 100
      },
      "ja": {
        "bleu": 0.0,
        "bertscore": {
          "precision": 0.6071725487709045,
          "recall": 0.6391521692276001,
          "f1": 0.6223872303962708
        },
        "count": 100
      },
      "ko": {
        "bleu": 3.377156414337854,
        "bertscore": {
          "precision": 0.6216384172439575,
          "recall": 0.6554182171821594,
          "f1": 0.637467622756958
        },
        "count": 100
      }
    }
  }
}